epoch,lr,train_loss,val_loss,dice_0,cls_acc,cls_auc,epoch_time_s,new_best,best_metric
0,0.01,0.7081,0.521,0.4951,0.6078,0.5308,101.38,yes,1.0259000062942505
1,0.00996,0.474,0.4511,0.4718,0.6176,0.564,29.54,yes,1.0568000078201294
2,0.00993,0.4105,0.4,0.5732,0.6078,0.5701,29.88,yes,1.0708999633789062
3,0.00989,0.392,0.4008,0.641,0.549,0.5737,29.31,yes,1.0886000394821167
4,0.00986,0.3961,0.2669,0.7182,0.7059,0.5818,29.37,yes,1.1169999837875366
5,0.00982,0.431,0.3778,0.4946,0.6471,0.5675,29.05,,
6,0.00978,0.4041,0.295,0.6685,0.7059,0.6453,31.7,yes,1.1900999546051025
7,0.00975,0.3848,0.2908,0.7345,0.6471,0.6522,30.14,yes,1.215999960899353
8,0.00971,0.3568,0.3573,0.7046,0.5882,0.7107,28.83,yes,1.288599967956543
9,0.00968,0.3725,0.2569,0.7775,0.6961,0.5789,28.99,,
10,0.00964,0.3453,0.3157,0.6873,0.6373,0.6045,28.76,,
11,0.0096,0.3498,0.3616,0.6966,0.598,0.5273,29.05,,
12,0.00957,0.3358,0.2586,0.7354,0.6569,0.6836,29.56,yes,1.311400055885315
13,0.00953,0.3316,0.3414,0.7493,0.5882,0.6305,30.12,,
14,0.00949,0.3533,0.3135,0.7345,0.5882,0.6384,29.47,,
15,0.00946,0.3243,0.2933,0.7416,0.6765,0.5919,29.03,,
16,0.00942,0.3324,0.2841,0.7223,0.6471,0.575,29.24,,
17,0.00939,0.3058,0.3674,0.6929,0.6373,0.6456,28.76,yes,1.3134000301361084
18,0.00935,0.3043,0.3448,0.7733,0.451,0.5352,28.78,,
19,0.00931,0.297,0.2222,0.7867,0.6176,0.6796,28.84,yes,1.3687000274658203
20,0.00928,0.3216,0.2887,0.7335,0.6373,0.701,29.61,yes,1.3946000337600708
21,0.00924,0.261,0.2729,0.7972,0.6667,0.66,28.8,,
22,0.0092,0.2904,0.4471,0.7274,0.5882,0.6073,29.51,,
23,0.00917,0.2407,0.3339,0.7634,0.5392,0.7106,28.29,yes,1.4226000308990479
24,0.00913,0.2684,0.4133,0.7908,0.4804,0.6558,28.66,,
25,0.0091,0.2708,0.353,0.7716,0.5392,0.6829,28.92,,
26,0.00906,0.2832,0.3649,0.7767,0.5392,0.6364,28.24,,
27,0.00902,0.3043,0.3487,0.7412,0.4118,0.7058,29.04,yes,1.4371000528335571
28,0.00899,0.2937,0.2613,0.728,0.5686,0.6738,41.01,,
29,0.00895,0.2395,0.213,0.7848,0.6471,0.6894,49.09,,
30,0.00891,0.2395,0.237,0.794,0.6471,0.7132,42.69,yes,1.455399990081787
31,0.00888,0.2457,0.2727,0.7643,0.6275,0.7174,42.08,yes,1.4616999626159668
32,0.00884,0.2286,0.2425,0.7966,0.6765,0.6374,44.25,,
33,0.0088,0.2261,0.2245,0.8187,0.5882,0.5626,30.48,,
34,0.00877,0.2128,0.1521,0.8224,0.7157,0.6813,38.2,,
35,0.00873,0.2372,0.3064,0.7543,0.6078,0.6023,40.07,,
36,0.00869,0.2576,0.3051,0.7848,0.6078,0.6394,47.9,,
37,0.00866,0.2915,0.313,0.8037,0.5196,0.5689,45.62,,
38,0.00862,0.3009,0.2681,0.8313,0.5882,0.6141,29.45,,
39,0.00858,0.2994,0.2083,0.8019,0.7255,0.5282,28.66,,
40,0.00855,0.2479,0.3448,0.8216,0.5784,0.6127,29.8,,
41,0.00851,0.2347,0.3824,0.7631,0.5294,0.6933,29.52,yes,1.4731999635696411
42,0.00847,0.221,0.3613,0.7752,0.5784,0.612,29.04,,
43,0.00844,0.212,0.2292,0.8209,0.6471,0.7448,28.5,yes,1.52839994430542
44,0.0084,0.2461,0.2368,0.8199,0.6961,0.6785,28.93,,
45,0.00836,0.2235,0.1207,0.8577,0.6667,0.7235,28.85,,
46,0.00833,0.2192,0.1359,0.8808,0.6863,0.6916,29.19,,
47,0.00829,0.1898,0.2584,0.8008,0.5784,0.6961,28.82,,
48,0.00825,0.2032,0.1331,0.8283,0.7255,0.7474,29.21,yes,1.5527000427246094
49,0.00822,0.2333,0.2711,0.7554,0.6765,0.7059,29.35,,
50,0.00818,0.2143,0.3456,0.8089,0.5392,0.6624,29.07,,
51,0.00814,0.2122,0.1888,0.82,0.6961,0.7176,28.82,,
52,0.00811,0.2419,0.1704,0.8327,0.6667,0.6615,29.25,,
53,0.00807,0.175,0.153,0.8266,0.6863,0.7922,28.92,yes,1.6002000570297241
54,0.00803,0.1875,0.3547,0.8223,0.4608,0.6157,28.7,,
55,0.008,0.2149,0.2357,0.7989,0.6961,0.7448,29.12,,
56,0.00796,0.1803,0.1246,0.8593,0.6863,0.7467,29.18,,
57,0.00792,0.1828,0.2654,0.8074,0.6471,0.658,28.62,,
58,0.00789,0.1986,0.3002,0.8646,0.5882,0.6935,28.89,,
59,0.00785,0.1682,0.1069,0.82,0.7353,0.6914,29.14,,
60,0.00781,0.2057,0.1816,0.7949,0.6176,0.6298,28.34,,
61,0.00777,0.1721,0.1282,0.8098,0.7157,0.6911,29.32,,
62,0.00774,0.1884,0.2958,0.8263,0.5686,0.6906,29.2,,
63,0.0077,0.1767,0.2425,0.8183,0.6471,0.7332,28.57,,
64,0.00766,0.1854,0.2581,0.8263,0.6765,0.6836,28.97,,
65,0.00763,0.1442,0.2006,0.8082,0.6961,0.6571,29.27,,
66,0.00759,0.1676,0.2301,0.7824,0.598,0.6705,28.6,,
67,0.00755,0.2445,0.1858,0.8713,0.6667,0.7069,29.75,,
68,0.00751,0.1867,0.2574,0.827,0.7255,0.6966,29.52,,
69,0.00748,0.1995,0.237,0.8099,0.5882,0.6807,29.51,,
70,0.00744,0.1748,0.1531,0.8087,0.6961,0.6914,29.29,,
71,0.0074,0.164,0.2911,0.8426,0.6275,0.6668,29.89,,
72,0.00737,0.1988,0.1333,0.8526,0.6471,0.6877,29.55,,
73,0.00733,0.1759,0.1956,0.8151,0.6275,0.6917,28.43,,
74,0.00729,0.1481,0.2699,0.8399,0.5686,0.7416,29.43,,
75,0.00725,0.1364,0.1313,0.8515,0.6863,0.7157,29.27,,
76,0.00722,0.1573,0.0755,0.8792,0.7157,0.8232,29.84,yes,1.6555999517440796
77,0.00718,0.1217,0.0375,0.8326,0.7843,0.7954,29.65,,
78,0.00714,0.1659,0.1584,0.8413,0.5784,0.7505,28.93,,
79,0.0071,0.1272,0.2185,0.8479,0.5392,0.7197,28.71,,
80,0.00707,0.1705,0.2499,0.8372,0.549,0.7391,29.26,,
81,0.00703,0.1319,0.0807,0.8486,0.7255,0.7547,29.32,,
82,0.00699,0.1617,0.1758,0.8345,0.5588,0.7104,28.85,,
83,0.00696,0.1533,0.0554,0.8087,0.7059,0.7901,29.26,,
84,0.00692,0.1223,0.1565,0.833,0.6569,0.708,29.02,,
85,0.00688,0.1314,0.1894,0.8356,0.6667,0.6864,29.22,,
86,0.00684,0.132,0.0962,0.8567,0.6667,0.737,28.63,,
87,0.0068,0.1423,0.1122,0.8861,0.7157,0.7874,29.43,,
88,0.00677,0.0957,0.0422,0.8678,0.6863,0.8008,29.54,,
89,0.00673,0.1482,0.2308,0.8634,0.6078,0.684,29.27,,
90,0.00669,0.1383,0.2931,0.8492,0.5588,0.7303,29.06,,
91,0.00665,0.1375,0.1196,0.861,0.6275,0.7428,29.39,,
92,0.00662,0.1359,0.2124,0.8812,0.598,0.7008,29.48,,
93,0.00658,0.1335,0.1897,0.8642,0.6667,0.7676,29.43,,
94,0.00654,0.1386,0.3096,0.8361,0.4608,0.6532,28.9,,
95,0.0065,0.1198,0.2336,0.8626,0.6765,0.7286,29.4,,
96,0.00647,0.1107,0.0041,0.8764,0.7451,0.7862,29.69,,
97,0.00643,0.1308,0.2669,0.8751,0.6275,0.7036,32.44,,
98,0.00639,0.124,0.1652,0.8046,0.6078,0.702,30.51,,
99,0.00635,0.1601,0.231,0.857,0.5098,0.6897,29.52,,
100,0.00631,0.1222,0.2219,0.8659,0.6275,0.7134,29.3,,
101,0.00628,0.1223,0.0312,0.8428,0.7745,0.7848,30.12,,
102,0.00624,0.0824,0.0968,0.867,0.6569,0.7696,29.54,,
103,0.0062,0.1194,0.1182,0.8894,0.549,0.7481,30.34,,
104,0.00616,0.0614,0.2974,0.8817,0.549,0.7033,30.3,,
105,0.00612,0.1075,0.2834,0.8879,0.549,0.7021,29.86,,
106,0.00609,0.0756,0.1354,0.8616,0.6275,0.6557,29.38,,
107,0.00605,0.0936,0.1399,0.9038,0.6078,0.7746,28.95,,
108,0.00601,0.1179,0.2675,0.8647,0.4902,0.7701,29.68,,
109,0.00597,0.0729,0.2058,0.8283,0.6569,0.8063,29.74,yes,1.6687999963760376
110,0.00593,0.0988,0.2106,0.8473,0.6176,0.688,29.74,,
111,0.0059,0.1244,0.1399,0.8715,0.6471,0.7714,29.53,,
112,0.00586,0.1271,0.1889,0.8547,0.6078,0.8123,29.01,yes,1.673699975013733
113,0.00582,0.0921,0.0991,0.8633,0.6471,0.7663,29.6,,
114,0.00578,0.1287,0.4858,0.8831,0.4412,0.6914,29.0,,
115,0.00574,0.0843,0.1524,0.8709,0.6569,0.7633,28.53,,
116,0.0057,0.0828,0.0347,0.8637,0.6961,0.8582,29.67,yes,1.722499966621399
117,0.00567,0.0483,0.1987,0.8755,0.6176,0.8229,29.03,,
118,0.00563,0.0781,0.0738,0.8994,0.6275,0.7823,28.78,,
119,0.00559,0.0828,0.0752,0.8842,0.5882,0.8039,30.13,,
120,0.00555,0.1264,0.184,0.7984,0.6471,0.7271,29.16,,
121,0.00551,0.0844,0.1847,0.819,0.5784,0.6628,29.47,,
122,0.00547,0.0932,0.0546,0.8856,0.6275,0.7985,29.74,,
123,0.00544,0.0368,0.2161,0.8695,0.549,0.7243,28.79,,
124,0.0054,0.0446,0.0593,0.8711,0.7157,0.7854,29.65,,
125,0.00536,0.0278,0.081,0.9029,0.6373,0.7895,28.99,,
126,0.00532,0.0523,0.349,0.8711,0.5196,0.6895,29.45,,
127,0.00528,0.0897,0.1392,0.8738,0.5882,0.753,29.95,,
128,0.00524,0.0527,0.1215,0.8578,0.6765,0.7526,28.94,,
129,0.0052,0.0571,0.1451,0.8931,0.598,0.7675,29.75,,
130,0.00517,0.0754,0.0473,0.9036,0.6667,0.777,28.53,,
131,0.00513,0.0661,0.0694,0.8744,0.7157,0.8157,29.17,,
132,0.00509,0.0704,0.1123,0.8743,0.6863,0.7049,30.58,,
133,0.00505,0.0946,0.0286,0.8834,0.6863,0.832,28.9,,
134,0.00501,0.0407,0.1126,0.8652,0.6961,0.6932,28.98,,
135,0.00497,0.0455,0.1702,0.8976,0.5294,0.7368,29.36,,
136,0.00493,0.0567,0.1882,0.9007,0.6569,0.7126,29.54,,
137,0.00489,0.0801,0.0308,0.888,0.6961,0.7315,29.53,,
138,0.00485,0.0489,0.303,0.8868,0.5588,0.7299,28.99,,
139,0.00482,0.058,0.024,0.9025,0.7059,0.7814,29.0,,
140,0.00478,0.0525,0.5288,0.868,0.4608,0.6863,29.36,,
141,0.00474,0.0732,0.1929,0.8747,0.6569,0.7429,28.87,,
142,0.0047,0.0299,0.1214,0.897,0.5882,0.7654,29.08,,
143,0.00466,0.0481,0.1046,0.8997,0.6275,0.8046,29.79,,
144,0.00462,0.0934,0.1295,0.8708,0.6275,0.8425,29.73,yes,1.7249000072479248
145,0.00458,0.0445,0.1027,0.8936,0.6176,0.6764,29.21,,
146,0.00454,0.0624,0.1707,0.8609,0.6176,0.8071,29.37,,
147,0.0045,0.0299,0.0657,0.9206,0.6765,0.7307,30.16,,
148,0.00446,0.0697,0.0418,0.9081,0.6667,0.8385,29.01,yes,1.7259999513626099
149,0.00442,0.0476,0.0795,0.852,0.6765,0.7449,28.82,,
150,0.00438,0.0577,0.0813,0.9105,0.6765,0.7973,28.85,,
151,0.00434,0.0428,0.0333,0.8946,0.7647,0.7459,29.06,,
152,0.0043,0.0675,0.0627,0.8704,0.6765,0.7678,29.31,,
153,0.00427,0.0293,0.2966,0.8964,0.5686,0.7407,29.03,,
154,0.00423,0.0203,0.1576,0.8765,0.6176,0.7834,29.46,,
155,0.00419,0.0437,0.2799,0.8711,0.5,0.7083,29.97,,
156,0.00415,0.0465,0.1224,0.8948,0.6765,0.7241,29.31,,
157,0.00411,0.0718,0.17,0.8779,0.5882,0.7475,29.25,,
158,0.00407,0.0309,0.0957,0.8592,0.6078,0.7763,28.28,,
159,0.00403,0.0448,0.1952,0.8797,0.549,0.7294,28.99,,
160,0.00399,0.0239,0.1251,0.9073,0.5882,0.783,28.77,,
161,0.00395,0.0191,0.3043,0.8518,0.5,0.727,29.04,,
162,0.00391,0.0586,0.141,0.8763,0.6569,0.7021,28.53,,
163,0.00387,0.0466,0.0328,0.8571,0.6863,0.8342,28.9,,
164,0.00383,0.0409,0.0719,0.8706,0.6765,0.81,29.26,,
165,0.00379,0.0436,0.3966,0.9066,0.4608,0.754,28.06,,
166,0.00375,0.0385,0.1473,0.8732,0.5882,0.7239,28.93,,
167,0.00371,0.0341,0.3662,0.8626,0.5098,0.7124,28.85,,
168,0.00367,0.0325,0.852,0.8966,0.3922,0.6841,28.88,,
169,0.00363,0.0461,0.1106,0.9112,0.5882,0.7813,28.61,,
170,0.00359,0.0105,0.275,0.8664,0.5588,0.634,29.27,,
171,0.00355,0.0529,0.0957,0.8889,0.6373,0.7777,28.5,,
172,0.00351,0.0233,-0.0203,0.9193,0.7549,0.7885,28.45,,
173,0.00346,0.0564,0.1436,0.8551,0.6275,0.7743,28.8,,
174,0.00342,0.0377,0.1147,0.8997,0.5392,0.7019,29.2,,
175,0.00338,-0.0012,0.0123,0.914,0.7451,0.8055,28.87,,
176,0.00334,-0.0023,0.1948,0.9037,0.6471,0.7206,28.93,,
177,0.0033,0.0024,0.4993,0.9018,0.5392,0.7049,30.06,,
178,0.00326,0.0395,0.4662,0.904,0.4216,0.7277,30.25,,
179,0.00322,0.0011,0.332,0.8971,0.4902,0.6963,28.87,,
180,0.00318,0.0369,0.0322,0.9174,0.7353,0.752,28.68,,
181,0.00314,-0.0181,0.0647,0.9139,0.7157,0.8196,28.65,,
182,0.0031,-0.0145,0.3273,0.884,0.5392,0.6722,29.26,,
183,0.00306,0.0144,0.2179,0.8924,0.5294,0.773,28.73,,
184,0.00302,0.0044,0.1345,0.8955,0.6275,0.8013,29.1,,
185,0.00297,-0.0489,0.1235,0.9155,0.7059,0.7306,28.13,,
186,0.00293,-0.0003,0.1833,0.8955,0.5882,0.7503,28.87,,
187,0.00289,-0.0103,0.033,0.8957,0.7255,0.7965,28.89,,
188,0.00285,-0.008,0.1289,0.8875,0.6765,0.6545,28.31,,
189,0.00281,0.0031,0.2686,0.8925,0.5882,0.6757,28.88,,
190,0.00277,0.0049,0.1546,0.9079,0.5784,0.778,29.02,,
191,0.00273,0.004,0.1054,0.9032,0.7059,0.8319,28.85,yes,1.7294000387191772
192,0.00268,-0.0364,0.1637,0.9117,0.6373,0.8049,28.68,,
193,0.00264,0.0305,0.0203,0.8932,0.7157,0.8125,28.56,,
194,0.0026,-0.0078,0.0576,0.8943,0.6863,0.7358,28.55,,
195,0.00256,0.0008,0.038,0.8913,0.7059,0.8341,29.42,yes,1.7312999963760376
196,0.00252,-0.0265,0.0293,0.9079,0.7059,0.8181,28.77,,
197,0.00248,-0.0166,-0.0123,0.9005,0.7647,0.7481,28.76,,
198,0.00243,-0.0272,0.1808,0.9076,0.5784,0.8012,28.8,,
199,0.00239,-0.0232,0.0666,0.8987,0.6765,0.8083,28.35,,
200,0.00235,0.0007,0.0717,0.8798,0.6569,0.788,28.96,,
201,0.00231,-0.0271,0.1065,0.9141,0.6863,0.8182,29.1,,
202,0.00226,-0.0122,0.0186,0.9021,0.6765,0.8459,28.12,yes,1.745300054550171
203,0.00222,-0.055,0.0177,0.916,0.7353,0.8362,28.81,,
204,0.00218,-0.03,0.0887,0.8936,0.6176,0.8043,28.98,,
205,0.00214,-0.0047,0.1623,0.8642,0.6471,0.8159,29.53,,
206,0.00209,-0.0548,0.077,0.8877,0.6667,0.8066,29.22,,
207,0.00205,-0.0368,0.1184,0.9282,0.6471,0.7327,28.92,,
208,0.00201,0.0407,0.3047,0.9035,0.4608,0.675,29.05,,
209,0.00196,-0.0356,0.0628,0.8957,0.6667,0.8185,28.67,,
210,0.00192,-0.0207,0.5271,0.878,0.4412,0.7,28.6,,
211,0.00188,-0.0423,0.5685,0.911,0.4314,0.7327,28.85,,
212,0.00184,-0.0423,0.2272,0.9124,0.6176,0.7923,28.63,,
213,0.00179,-0.0041,0.1652,0.8918,0.549,0.696,28.36,,
214,0.00175,-0.0461,0.2073,0.9069,0.6176,0.7188,28.99,,
215,0.0017,-0.0095,0.1686,0.9107,0.5882,0.66,28.65,,
216,0.00166,-0.0766,0.0854,0.9024,0.6863,0.7507,28.56,,
217,0.00162,-0.0366,0.3513,0.9002,0.4314,0.69,29.02,,
218,0.00157,-0.0496,0.153,0.8972,0.598,0.7612,28.82,,
219,0.00153,-0.0477,0.3151,0.9143,0.5392,0.7164,28.66,,
220,0.00148,-0.0653,0.2663,0.8972,0.5392,0.7466,28.98,,
221,0.00144,-0.0683,0.2215,0.9223,0.5784,0.7978,28.61,,
222,0.00139,-0.0538,-0.0298,0.9247,0.7843,0.8317,29.13,,
223,0.00135,-0.0737,0.6492,0.9141,0.4314,0.6854,28.48,,
224,0.0013,-0.0499,0.1495,0.9132,0.6275,0.7822,28.4,,
225,0.00126,-0.0265,0.0095,0.8966,0.7255,0.8085,29.18,,
226,0.00121,-0.0559,0.0796,0.9088,0.6667,0.8102,28.54,,
227,0.00117,-0.0846,0.14,0.9257,0.6373,0.754,28.5,,
228,0.00112,-0.0836,0.1826,0.9139,0.6667,0.7965,28.84,,
229,0.00108,-0.0548,0.3272,0.9258,0.4804,0.7275,28.77,,
230,0.00103,-0.0536,0.0538,0.9091,0.6471,0.7951,29.69,,
231,0.00098,-0.0888,0.0853,0.927,0.6275,0.7733,29.57,,
232,0.00094,-0.0736,0.1087,0.9275,0.6373,0.8194,28.84,,
233,0.00089,-0.0993,0.1694,0.9194,0.6275,0.7587,29.19,,
234,0.00084,-0.0739,-0.0796,0.9146,0.7647,0.9093,28.74,yes,1.8236000537872314
235,0.00079,-0.09,0.1541,0.9233,0.5784,0.7043,28.92,,
236,0.00075,-0.0716,0.184,0.91,0.6275,0.8077,28.65,,
237,0.0007,-0.0743,0.5709,0.8893,0.4216,0.7105,28.61,,
238,0.00065,-0.0501,0.022,0.9273,0.6765,0.7774,28.97,,
239,0.0006,-0.09,-0.0239,0.9248,0.7549,0.8555,28.71,,
240,0.00055,-0.148,0.0887,0.9127,0.6961,0.7927,28.79,,
241,0.0005,-0.0749,0.0647,0.9318,0.7255,0.7532,28.44,,
242,0.00045,-0.1152,0.0949,0.9076,0.7353,0.837,28.65,,
243,0.0004,-0.0792,0.2001,0.9094,0.598,0.7752,28.47,,
244,0.00035,-0.1099,0.1412,0.9176,0.6765,0.7149,28.86,,
245,0.0003,-0.0871,0.0343,0.9363,0.7157,0.8464,29.02,,
246,0.00024,-0.0943,0.103,0.9238,0.6078,0.8174,29.4,,
247,0.00019,-0.1091,0.1508,0.9215,0.5784,0.7918,28.75,,
248,0.00013,-0.1406,0.2008,0.9124,0.6471,0.7069,28.82,,
249,7e-05,-0.1431,0.073,0.9132,0.6569,0.7853,29.46,,
