epoch,lr,train_loss,val_loss,dice_0,dice_1,dice_2,dice_3,cls_acc,cls_auc,epoch_time_s,new_best,best_metric
0,0.01,0.1435,0.087,0.8258,0.0,0.0,0.0,0.5,0.5781,131.55,yes,0.784600019454956
1,0.00996,0.0243,-0.0141,0.863,0.0,0.5956,0.0,0.5,0.7871,75.42,yes,1.0094000101089478
2,0.00993,-0.0478,-0.0557,0.8578,0.0006,0.7493,0.4775,0.5,0.7949,76.44,yes,1.0470999479293823
3,0.00989,-0.1158,-0.1259,0.9199,0.4034,0.8002,0.5478,0.5,0.4043,75.43,,
4,0.00986,-0.1395,-0.1661,0.8926,0.6479,0.8001,0.7182,0.5,0.6719,76.55,,
5,0.00982,-0.1642,-0.1885,0.9231,0.7073,0.8294,0.7038,0.5,0.7344,76.42,yes,1.1202000379562378
6,0.00978,-0.1906,-0.2077,0.9239,0.6843,0.8593,0.7459,0.5,0.7188,76.8,yes,1.146299958229065
7,0.00975,-0.2186,-0.2295,0.9379,0.6869,0.8888,0.7429,0.5,0.5547,74.95,,
8,0.00971,-0.2245,-0.1937,0.9062,0.6921,0.8599,0.8057,0.5625,0.7188,77.38,yes,1.2200000286102295
9,0.00968,-0.2332,-0.2311,0.9421,0.7757,0.878,0.7348,0.5312,0.5195,76.01,,
10,0.00964,-0.2402,-0.234,0.9269,0.7174,0.8745,0.8435,0.5,0.6309,77.57,,
11,0.0096,-0.2542,-0.2412,0.9461,0.7633,0.9048,0.7998,0.5,0.668,75.77,yes,1.2618000507354736
12,0.00957,-0.2557,-0.2583,0.9491,0.7207,0.9101,0.7634,0.5,0.9102,77.42,yes,1.5282000303268433
13,0.00953,-0.2618,-0.2353,0.9303,0.7664,0.8697,0.8107,0.5,0.7656,78.62,,
14,0.00949,-0.2612,-0.2137,0.9227,0.6454,0.8534,0.7623,0.5,0.6797,76.0,,
15,0.00946,-0.2676,-0.2425,0.9141,0.7285,0.8996,0.7534,0.5,0.7871,77.47,,
16,0.00942,-0.28,-0.2461,0.9304,0.6965,0.8993,0.7861,0.5,0.8906,75.7,yes,1.5791000127792358
17,0.00939,-0.2689,-0.2286,0.9498,0.6595,0.8592,0.8278,0.5,0.7578,77.04,,
18,0.00935,-0.2817,-0.2635,0.9486,0.789,0.9084,0.8536,0.5,0.4531,76.05,,
19,0.00931,-0.2866,-0.2712,0.9339,0.8144,0.9188,0.8087,0.5625,0.8945,75.18,yes,1.6288000345230103
20,0.00928,-0.2869,-0.2439,0.9405,0.7463,0.9046,0.8241,0.5938,0.7422,77.65,,
21,0.00924,-0.2984,-0.268,0.9196,0.7887,0.8994,0.8316,0.6875,0.875,77.15,yes,1.632599949836731
22,0.0092,-0.2734,-0.2316,0.9324,0.7202,0.9075,0.846,0.5,0.7695,76.57,,
23,0.00917,-0.2952,-0.2864,0.949,0.7853,0.9107,0.8383,0.75,0.8711,76.25,yes,1.6484999656677246
24,0.00913,-0.2986,-0.228,0.9481,0.8324,0.9053,0.8688,0.75,0.7812,78.33,,
25,0.0091,-0.2909,-0.297,0.9577,0.8319,0.8804,0.8462,0.5,0.8789,75.69,yes,1.6764999628067017
26,0.00906,-0.3008,-0.3015,0.956,0.8075,0.9217,0.8294,0.5,0.9023,77.61,yes,1.7079999446868896
27,0.00902,-0.2988,-0.3001,0.9303,0.8559,0.9183,0.8374,0.5312,0.875,77.88,,
28,0.00899,-0.3043,-0.2557,0.9421,0.7925,0.8943,0.8606,0.5625,0.7773,76.53,,
29,0.00895,-0.3105,-0.2808,0.9445,0.7899,0.9075,0.8337,0.5938,0.8633,77.61,,
30,0.00891,-0.3155,-0.2846,0.9607,0.8143,0.9297,0.8343,0.7188,0.7773,77.27,,
31,0.00888,-0.3165,-0.2898,0.9577,0.8132,0.9107,0.8358,0.7188,0.8633,76.83,,
32,0.00884,-0.3279,-0.2808,0.9541,0.7947,0.9042,0.8198,0.8125,0.9062,78.83,yes,1.7448999881744385
33,0.0088,-0.3183,-0.1829,0.9478,0.7837,0.9196,0.8514,0.6562,0.7402,77.26,,
34,0.00877,-0.3211,-0.2356,0.9281,0.6144,0.8964,0.8394,0.5312,0.7578,76.82,,
35,0.00873,-0.3182,-0.2942,0.9568,0.8734,0.9345,0.8308,0.6562,0.7969,77.3,,
36,0.00869,-0.3144,-0.2825,0.951,0.8547,0.9122,0.8265,0.625,0.7617,77.77,,
37,0.00866,-0.3333,-0.1874,0.9401,0.8187,0.8902,0.8233,0.5938,0.6504,76.81,,
38,0.00862,-0.331,-0.2524,0.9508,0.8164,0.9071,0.8527,0.4375,0.6055,76.37,,
39,0.00858,-0.3314,-0.3136,0.9477,0.8152,0.9137,0.8631,0.5312,0.8125,76.74,,
40,0.00855,-0.3164,-0.2965,0.9344,0.7847,0.893,0.8504,0.5938,0.832,76.86,,
41,0.00851,-0.3257,-0.1841,0.9586,0.7784,0.9243,0.8581,0.5,0.8281,75.79,,
42,0.00847,-0.3194,-0.2255,0.9535,0.7096,0.9149,0.7164,0.5,0.6484,77.28,,
43,0.00844,-0.3096,-0.2509,0.9404,0.808,0.9227,0.8699,0.5,0.7656,77.91,,
44,0.0084,-0.3276,-0.2998,0.9443,0.7923,0.9138,0.882,0.5625,0.9648,77.45,yes,1.8270000219345093
45,0.00836,-0.3155,-0.2327,0.9406,0.8436,0.9087,0.8181,0.5,0.8516,75.66,,
46,0.00833,-0.3,-0.2819,0.9597,0.7215,0.9268,0.8545,0.5,0.8047,76.08,,
47,0.00829,-0.3388,-0.2826,0.9477,0.8265,0.9247,0.8514,0.5938,0.8789,77.8,,
48,0.00825,-0.3406,-0.2984,0.9575,0.8377,0.9212,0.8525,0.5312,0.8008,76.67,,
49,0.00822,-0.3435,-0.1336,0.9404,0.7436,0.9202,0.8542,0.5,0.7852,76.66,,
50,0.00818,-0.3573,-0.1798,0.9562,0.8771,0.9231,0.852,0.5625,0.7148,76.35,,
51,0.00814,-0.3502,-0.2993,0.9604,0.8575,0.9292,0.8696,0.6875,0.8984,76.46,,
52,0.00811,-0.3514,-0.3032,0.9617,0.8574,0.9354,0.8422,0.7188,0.8906,77.09,,
53,0.00807,-0.3402,-0.272,0.9641,0.7312,0.9199,0.8498,0.5312,0.8672,75.97,,
54,0.00803,-0.3506,-0.1669,0.9677,0.8688,0.9344,0.8548,0.5,0.8828,76.41,,
55,0.008,-0.3412,-0.2602,0.9502,0.862,0.9061,0.8857,0.5,0.8633,75.97,,
56,0.00796,-0.3474,-0.2555,0.9565,0.853,0.9182,0.8498,0.5,0.6934,78.44,,
57,0.00792,-0.3431,-0.1836,0.9235,0.8685,0.9176,0.8624,0.5625,0.6074,77.22,,
58,0.00789,-0.3528,-0.2913,0.953,0.8357,0.9219,0.8522,0.7188,0.8164,76.33,,
59,0.00785,-0.349,-0.3187,0.9388,0.7944,0.9078,0.8805,0.9375,0.9844,76.85,yes,1.868499994277954
60,0.00781,-0.3615,-0.3391,0.9683,0.8307,0.9332,0.8736,0.8438,0.9375,73.0,,
61,0.00777,-0.3607,-0.3314,0.9647,0.7589,0.9248,0.8512,0.75,1.0,75.39,yes,1.8846999406814575
62,0.00774,-0.355,-0.2415,0.9611,0.8036,0.9192,0.8779,0.5,0.7266,77.49,,
63,0.0077,-0.3669,-0.3225,0.9562,0.8538,0.9211,0.8808,0.5938,0.8203,75.76,,
64,0.00766,-0.3681,-0.3195,0.9676,0.8556,0.928,0.8779,0.7188,0.8984,75.82,,
65,0.00763,-0.3627,-0.2142,0.9476,0.8297,0.9218,0.8749,0.6562,0.7188,77.03,,
66,0.00759,-0.3579,-0.2916,0.9607,0.8508,0.9292,0.8824,0.625,0.9336,79.01,,
67,0.00755,-0.3594,-0.3029,0.9524,0.7791,0.9189,0.8592,0.8438,0.9531,75.82,,
68,0.00751,-0.364,-0.1787,0.954,0.8247,0.9122,0.8947,0.7812,0.8086,77.79,,
69,0.00748,-0.355,-0.2756,0.9584,0.8079,0.9234,0.8794,0.5625,0.8047,73.97,,
70,0.00744,-0.3595,-0.2841,0.9657,0.7901,0.9122,0.8563,0.5,0.8789,75.77,,
71,0.0074,-0.354,-0.2782,0.9611,0.8665,0.943,0.8571,0.5,0.7695,76.56,,
72,0.00737,-0.3505,-0.2694,0.9564,0.8468,0.9232,0.8336,0.5938,0.6992,79.03,,
73,0.00733,-0.352,-0.2954,0.9535,0.8455,0.9323,0.8702,0.625,0.918,76.6,,
74,0.00729,-0.366,-0.2807,0.9596,0.8542,0.9286,0.871,0.625,0.8516,76.79,,
75,0.00725,-0.3652,-0.2497,0.9493,0.8762,0.9266,0.9013,0.6875,0.8945,75.72,,
76,0.00722,-0.3677,-0.2871,0.9496,0.8481,0.9393,0.8587,0.7188,0.8984,75.35,,
77,0.00718,-0.3736,-0.2457,0.9588,0.7926,0.9274,0.8823,0.5938,0.959,75.51,,
78,0.00714,-0.3358,-0.2992,0.9451,0.7964,0.9265,0.8793,0.625,0.832,75.49,,
79,0.0071,-0.3533,-0.3258,0.9565,0.8006,0.927,0.8603,0.7812,0.9453,75.2,,
80,0.00707,-0.365,-0.2574,0.9667,0.8729,0.9225,0.855,0.5625,0.8125,75.49,,
81,0.00703,-0.3667,-0.286,0.9506,0.8236,0.9217,0.8852,0.7188,0.9492,73.75,,
82,0.00699,-0.3663,-0.3017,0.9392,0.8573,0.9238,0.8604,0.75,0.918,76.26,,
83,0.00696,-0.376,-0.3056,0.9589,0.8151,0.9352,0.8729,0.6562,0.8125,76.15,,
84,0.00692,-0.3707,-0.2873,0.9637,0.8171,0.9312,0.8717,0.6562,0.8633,76.32,,
85,0.00688,-0.373,-0.2777,0.9622,0.7751,0.9344,0.872,0.7188,0.9375,74.91,,
86,0.00684,-0.3736,-0.2552,0.9608,0.8291,0.9297,0.8758,0.5312,0.9336,75.32,,
87,0.0068,-0.3746,-0.0567,0.9518,0.8631,0.9048,0.8666,0.5,0.5195,72.73,,
88,0.00677,-0.3693,-0.2297,0.9456,0.8606,0.9298,0.8824,0.5,0.8555,75.06,,
89,0.00673,-0.3756,-0.2954,0.9542,0.8182,0.9379,0.8755,0.625,0.8438,75.34,,
90,0.00669,-0.368,-0.2453,0.9642,0.814,0.9309,0.8599,0.625,0.7266,76.24,,
91,0.00665,-0.3795,-0.3101,0.9642,0.8547,0.932,0.8947,0.6562,0.8672,75.61,,
92,0.00662,-0.3723,-0.3164,0.9548,0.8806,0.9246,0.8225,0.6562,0.8164,77.37,,
93,0.00658,-0.3742,-0.291,0.9693,0.773,0.9359,0.8613,0.6562,0.9102,74.54,,
94,0.00654,-0.3762,-0.2786,0.9569,0.8368,0.9303,0.8691,0.6562,0.7539,75.33,,
95,0.0065,-0.3817,-0.2499,0.9517,0.8676,0.9301,0.8806,0.7188,0.9219,76.04,,
96,0.00647,-0.3546,-0.2745,0.9499,0.8505,0.9308,0.8343,0.5,0.8047,74.6,,
97,0.00643,-0.362,-0.2395,0.9651,0.7842,0.9267,0.8598,0.5625,0.6367,72.91,,
98,0.00639,-0.37,-0.2973,0.9609,0.9007,0.9329,0.8891,0.6562,0.8281,75.94,,
99,0.00635,-0.3748,-0.2318,0.9324,0.8633,0.9294,0.8344,0.5312,0.8711,75.88,,
100,0.00631,-0.3669,-0.2432,0.9558,0.8763,0.9445,0.8954,0.625,0.7539,75.29,,
101,0.00628,-0.3701,-0.2481,0.9552,0.8671,0.9369,0.8781,0.5312,0.8242,74.69,,
102,0.00624,-0.3723,-0.1152,0.9542,0.8904,0.9008,0.842,0.5312,0.7852,75.76,,
103,0.0062,-0.3529,-0.315,0.9407,0.8223,0.93,0.8879,0.7188,0.9609,76.09,,
104,0.00616,-0.3698,-0.322,0.965,0.8777,0.9222,0.8664,0.8125,0.9531,75.05,,
105,0.00612,-0.3815,-0.2621,0.9492,0.8071,0.9366,0.8784,0.6875,0.8633,77.42,,
106,0.00609,-0.3813,-0.1882,0.9663,0.8806,0.9083,0.8715,0.6562,0.8164,75.57,,
107,0.00605,-0.3783,-0.3058,0.9668,0.8777,0.9425,0.8785,0.6562,0.8828,76.49,,
108,0.00601,-0.3662,-0.2549,0.9558,0.8013,0.913,0.8232,0.5938,0.7227,75.76,,
109,0.00597,-0.3762,-0.342,0.9653,0.8155,0.9331,0.8743,0.9062,0.957,75.88,,
110,0.00593,-0.3548,-0.2934,0.9543,0.8051,0.917,0.887,0.5625,0.9258,75.87,,
111,0.0059,-0.3683,-0.3189,0.9682,0.8795,0.9319,0.8929,0.7188,0.834,74.64,,
112,0.00586,-0.3745,-0.2851,0.9445,0.8395,0.9284,0.8865,0.625,0.9023,75.65,,
113,0.00582,-0.3785,-0.2937,0.962,0.8463,0.9202,0.881,0.625,0.7969,75.22,,
114,0.00578,-0.3672,-0.3481,0.9652,0.8827,0.9357,0.8664,0.875,0.9336,76.22,,
115,0.00574,-0.3757,-0.347,0.965,0.8874,0.9485,0.8789,0.875,0.9727,75.33,,
116,0.0057,-0.3751,-0.3358,0.9644,0.8749,0.9356,0.8642,0.875,0.9727,75.93,,
117,0.00567,-0.3649,-0.2857,0.9419,0.8376,0.927,0.8937,0.5,0.8945,76.11,,
118,0.00563,-0.3675,-0.2979,0.9608,0.8615,0.9383,0.8451,0.6562,0.9395,75.17,,
119,0.00559,-0.3783,-0.2264,0.9641,0.8593,0.9287,0.8844,0.5625,0.9141,72.62,,
120,0.00555,-0.3791,-0.3257,0.964,0.8497,0.9273,0.8768,0.5625,0.9727,75.58,,
121,0.00551,-0.3805,-0.3089,0.9635,0.8741,0.9281,0.8789,0.5625,0.918,76.24,,
122,0.00547,-0.379,-0.2641,0.9701,0.8225,0.9443,0.851,0.6562,0.8203,74.43,,
123,0.00544,-0.3789,-0.2936,0.9626,0.8836,0.9407,0.8801,0.6875,0.9531,75.18,,
124,0.0054,-0.374,-0.2854,0.9585,0.8629,0.9262,0.876,0.5625,0.9141,76.11,,
125,0.00536,-0.3803,-0.2269,0.9697,0.8414,0.9382,0.8824,0.5,0.8906,76.46,,
126,0.00532,-0.3834,-0.2502,0.9619,0.837,0.9187,0.8752,0.625,0.9453,75.02,,
127,0.00528,-0.3847,-0.2735,0.9607,0.9023,0.9399,0.8831,0.75,0.8828,75.04,,
128,0.00524,-0.3839,-0.2546,0.9529,0.8818,0.9453,0.8837,0.6562,0.9375,75.19,,
129,0.0052,-0.3862,-0.2632,0.953,0.847,0.9454,0.8889,0.625,0.9453,74.71,,
130,0.00517,-0.3838,-0.2421,0.952,0.8449,0.9423,0.8841,0.7188,0.8594,74.55,,
131,0.00513,-0.3833,-0.2431,0.9675,0.8706,0.9406,0.8861,0.5625,0.8008,75.54,,
132,0.00509,-0.3843,-0.247,0.9623,0.8301,0.9488,0.8924,0.6875,0.8281,74.99,,
133,0.00505,-0.3823,-0.2822,0.961,0.8924,0.9355,0.8759,0.6562,0.9453,74.43,,
134,0.00501,-0.3877,-0.2421,0.966,0.8898,0.9377,0.8628,0.5938,0.8359,75.49,,
135,0.00497,-0.3861,-0.1769,0.948,0.8104,0.9363,0.8945,0.5312,0.707,74.33,,
136,0.00493,-0.3874,-0.2719,0.9594,0.8945,0.9466,0.8732,0.5938,0.8633,74.61,,
137,0.00489,-0.3852,-0.2749,0.9624,0.8363,0.9415,0.8869,0.6562,0.8125,77.69,,
138,0.00485,-0.3839,-0.312,0.9508,0.8543,0.9281,0.8936,0.6875,0.9258,74.52,,
139,0.00482,-0.3888,-0.3211,0.9638,0.8934,0.9387,0.8972,0.6562,0.8359,76.01,,
140,0.00478,-0.3948,-0.306,0.9583,0.8925,0.9359,0.8771,0.6875,0.9297,76.72,,
141,0.00474,-0.3901,-0.319,0.9695,0.8609,0.9378,0.8906,0.75,0.9023,75.36,,
142,0.0047,-0.3909,-0.2936,0.9572,0.8558,0.9445,0.8649,0.75,0.8867,74.97,,
143,0.00466,-0.3936,-0.2978,0.9662,0.8786,0.9391,0.8883,0.7188,0.8945,75.62,,
144,0.00462,-0.3932,-0.3201,0.9543,0.8851,0.9247,0.8872,0.6875,0.9375,74.73,,
145,0.00458,-0.3847,-0.3666,0.9651,0.8916,0.9413,0.88,0.7812,0.9688,75.1,,
146,0.00454,-0.3905,-0.3205,0.9724,0.8954,0.9279,0.885,0.8438,0.8828,74.35,,
147,0.0045,-0.3914,-0.3071,0.9702,0.8933,0.9422,0.8552,0.75,0.8672,73.77,,
148,0.00446,-0.3943,-0.2999,0.9604,0.8714,0.939,0.8796,0.8438,0.9297,76.73,,
149,0.00442,-0.3903,-0.3551,0.9554,0.8778,0.9364,0.8807,0.8438,0.9766,75.59,yes,1.889799952507019
150,0.00438,-0.3866,-0.3103,0.9652,0.8314,0.9381,0.8828,0.5938,0.8945,76.12,,
151,0.00434,-0.3898,-0.3106,0.9653,0.8707,0.9329,0.8731,0.7188,0.9453,74.03,,
152,0.0043,-0.394,-0.333,0.969,0.8825,0.944,0.8926,0.7812,0.8867,75.91,,
153,0.00427,-0.3931,-0.3029,0.9543,0.8643,0.9408,0.9009,0.6875,0.8828,75.17,,
154,0.00423,-0.3951,-0.313,0.9606,0.8863,0.9381,0.8542,0.7812,0.9141,76.28,,
155,0.00419,-0.3929,-0.2987,0.9581,0.8865,0.9343,0.8839,0.7188,0.9062,76.41,,
156,0.00415,-0.3917,-0.2761,0.9672,0.91,0.9407,0.8985,0.6562,0.8945,73.98,,
157,0.00411,-0.3977,-0.3238,0.971,0.8981,0.9386,0.89,0.8438,0.9414,74.28,,
158,0.00407,-0.3898,-0.32,0.9662,0.8964,0.9226,0.8878,0.9375,0.9766,74.24,yes,1.8926000595092773
159,0.00403,-0.3952,-0.3504,0.9693,0.8866,0.925,0.8775,0.875,0.9883,75.71,yes,1.9041999578475952
160,0.00399,-0.3916,-0.3333,0.9718,0.8959,0.9375,0.819,0.875,1.0,74.64,yes,1.9148999452590942
161,0.00395,-0.3855,-0.334,0.9576,0.8605,0.945,0.8852,0.8125,0.9492,75.67,,
162,0.00391,-0.3919,-0.3365,0.965,0.8696,0.9288,0.8755,0.875,0.9844,75.09,,
163,0.00387,-0.3918,-0.3392,0.9597,0.8778,0.9348,0.8869,0.8438,0.9883,74.38,,
164,0.00383,-0.3912,-0.3442,0.9662,0.8951,0.9393,0.8478,0.875,0.9844,75.58,,
165,0.00379,-0.3951,-0.3238,0.967,0.8929,0.942,0.872,0.8125,0.9023,76.12,,
166,0.00375,-0.3955,-0.2947,0.9686,0.8553,0.927,0.8713,0.7188,0.9414,74.95,,
167,0.00371,-0.3968,-0.2869,0.9618,0.8921,0.9288,0.8906,0.8125,0.9102,75.42,,
168,0.00367,-0.3974,-0.3022,0.9665,0.8834,0.9425,0.8731,0.7812,0.9023,76.24,,
169,0.00363,-0.4017,-0.3138,0.96,0.8783,0.9456,0.8615,0.8438,0.9258,75.78,,
170,0.00359,-0.3955,-0.3345,0.9672,0.8733,0.943,0.897,0.75,0.9062,75.88,,
171,0.00355,-0.3927,-0.3388,0.9598,0.8743,0.9457,0.891,0.7812,0.8906,75.93,,
172,0.00351,-0.3913,-0.3459,0.962,0.8974,0.9359,0.906,0.8125,0.8828,74.54,,
173,0.00346,-0.39,-0.3698,0.9704,0.8819,0.9449,0.8917,0.875,0.9844,77.17,,
174,0.00342,-0.3944,-0.3314,0.9633,0.8892,0.9347,0.8729,0.875,0.9609,71.82,,
175,0.00338,-0.3951,-0.3438,0.9579,0.8082,0.9366,0.8961,0.875,0.9688,74.88,,
176,0.00334,-0.3962,-0.3579,0.9688,0.8887,0.9406,0.8971,0.9062,0.957,75.4,,
177,0.0033,-0.398,-0.3377,0.9708,0.8147,0.9421,0.8986,0.875,0.957,74.46,,
178,0.00326,-0.3953,-0.3313,0.9498,0.8929,0.9365,0.8916,0.7812,0.8867,75.6,,
179,0.00322,-0.3956,-0.3295,0.9639,0.8858,0.9344,0.8662,0.8438,0.9375,75.07,,
180,0.00318,-0.3956,-0.3296,0.9554,0.8698,0.9266,0.8981,0.7812,0.9258,74.68,,
181,0.00314,-0.3997,-0.3588,0.9623,0.878,0.9415,0.8815,0.9688,0.9883,73.43,,
182,0.0031,-0.3958,-0.3485,0.9683,0.8794,0.9492,0.8863,0.8438,0.9805,74.54,,
183,0.00306,-0.3939,-0.3012,0.9658,0.845,0.9413,0.8942,0.7812,0.8633,75.05,,
184,0.00302,-0.3923,-0.3595,0.9654,0.8986,0.9385,0.8948,0.8438,0.9805,71.84,,
185,0.00297,-0.3958,-0.3399,0.958,0.9181,0.936,0.8851,0.75,0.9922,76.38,,
186,0.00293,-0.3979,-0.351,0.9663,0.8784,0.9328,0.882,0.875,0.9453,77.62,,
187,0.00289,-0.39,-0.3353,0.9636,0.8885,0.9299,0.8836,0.7812,0.9414,75.53,,
188,0.00285,-0.3952,-0.3177,0.9639,0.8908,0.9405,0.8724,0.75,0.9453,75.49,,
189,0.00281,-0.3936,-0.332,0.9662,0.8791,0.9198,0.8982,0.7188,0.9727,76.86,,
190,0.00277,-0.393,-0.3536,0.9589,0.9108,0.925,0.8803,0.9375,0.9922,75.53,,
191,0.00273,-0.3952,-0.3364,0.9604,0.9025,0.9268,0.9019,0.8125,0.957,75.68,,
192,0.00268,-0.3987,-0.2865,0.9707,0.8878,0.9141,0.8953,0.7188,0.8477,74.5,,
193,0.00264,-0.4004,-0.3259,0.9535,0.8578,0.9478,0.8698,0.7188,0.8516,75.9,,
194,0.0026,-0.3934,-0.2992,0.963,0.9051,0.9421,0.8876,0.625,0.8945,74.51,,
195,0.00256,-0.3972,-0.3084,0.963,0.8878,0.9415,0.8776,0.5938,0.9805,75.67,,
196,0.00252,-0.3929,-0.341,0.968,0.9008,0.9317,0.8975,0.75,0.9531,73.93,,
197,0.00248,-0.3949,-0.3475,0.9591,0.8436,0.9305,0.9004,0.875,1.0,77.99,yes,1.9169000387191772
198,0.00243,-0.3923,-0.2986,0.9645,0.8267,0.9443,0.8934,0.75,0.9062,75.83,,
199,0.00239,-0.3977,-0.3544,0.9671,0.8556,0.929,0.8946,0.9062,0.9609,76.77,,
200,0.00235,-0.3988,-0.3163,0.9578,0.9007,0.9408,0.8743,0.7188,0.918,76.74,,
201,0.00231,-0.394,-0.3652,0.9655,0.8791,0.9454,0.8922,0.875,0.9648,75.04,,
202,0.00226,-0.3953,-0.352,0.9613,0.8776,0.9344,0.8933,0.75,0.9844,73.03,,
203,0.00222,-0.3957,-0.3664,0.9696,0.8881,0.9364,0.8651,0.9062,0.9766,74.56,,
204,0.00218,-0.4021,-0.3388,0.9632,0.872,0.9355,0.8779,0.8125,0.918,73.6,,
205,0.00214,-0.4019,-0.3261,0.9687,0.8756,0.9378,0.892,0.875,0.8984,75.68,,
206,0.00209,-0.396,-0.3367,0.962,0.9109,0.9335,0.8644,0.7812,0.9531,74.96,,
207,0.00205,-0.4055,-0.3298,0.9547,0.88,0.9382,0.8852,0.875,0.9023,75.34,,
208,0.00201,-0.4013,-0.3385,0.9676,0.8665,0.9393,0.8729,0.875,0.9531,75.04,,
209,0.00196,-0.3995,-0.3325,0.9703,0.8783,0.9349,0.8991,0.75,0.8867,74.29,,
210,0.00192,-0.4008,-0.3539,0.9618,0.8821,0.9421,0.8953,0.875,0.9805,73.8,,
211,0.00188,-0.3984,-0.3361,0.9652,0.8763,0.9442,0.8875,0.7812,0.9141,73.1,,
212,0.00184,-0.3952,-0.3525,0.9635,0.8767,0.926,0.8757,0.9062,0.9805,75.49,,
213,0.00179,-0.3987,-0.3259,0.9583,0.8887,0.9441,0.8781,0.7812,0.8867,75.39,,
214,0.00175,-0.4009,-0.3218,0.9578,0.882,0.9429,0.8786,0.8125,0.918,75.59,,
215,0.0017,-0.3981,-0.3461,0.9595,0.8572,0.9395,0.9111,0.8438,0.918,76.11,,
216,0.00166,-0.3974,-0.3337,0.9697,0.8863,0.9464,0.9006,0.7812,0.9414,76.19,,
217,0.00162,-0.3961,-0.3071,0.9695,0.8694,0.935,0.9032,0.875,0.9102,76.52,,
218,0.00157,-0.3984,-0.3038,0.9679,0.834,0.9461,0.8874,0.75,0.8711,76.03,,
219,0.00153,-0.4063,-0.3306,0.9716,0.8378,0.9269,0.8721,0.8125,0.9453,75.0,,
220,0.00148,-0.3991,-0.2999,0.9631,0.8864,0.9364,0.8763,0.7812,0.8984,76.03,,
221,0.00144,-0.4039,-0.3067,0.9648,0.8646,0.9299,0.907,0.75,0.9414,75.31,,
222,0.00139,-0.3939,-0.3566,0.9712,0.838,0.9398,0.8657,0.875,0.9844,75.2,,
223,0.00135,-0.4013,-0.3299,0.9643,0.8464,0.9404,0.9026,0.8438,0.9688,74.53,,
224,0.0013,-0.4002,-0.3387,0.9523,0.8749,0.9384,0.8911,0.7812,0.9766,74.83,,
225,0.00126,-0.4022,-0.3099,0.9614,0.8843,0.9411,0.8979,0.8438,0.916,74.02,,
226,0.00121,-0.3998,-0.3094,0.9582,0.89,0.947,0.8778,0.75,0.8516,76.81,,
227,0.00117,-0.4022,-0.3294,0.9616,0.8857,0.9391,0.8917,0.8438,0.9531,76.19,,
228,0.00112,-0.4039,-0.3461,0.958,0.8817,0.9227,0.887,0.8125,0.9727,74.22,,
229,0.00108,-0.4007,-0.3489,0.9704,0.8802,0.9482,0.8735,0.875,0.9492,76.84,,
230,0.00103,-0.4035,-0.3213,0.9654,0.8972,0.9475,0.8923,0.75,0.8945,75.11,,
231,0.00098,-0.3996,-0.321,0.9621,0.8804,0.9242,0.892,0.9062,0.9805,75.07,,
232,0.00094,-0.3976,-0.2774,0.9705,0.8285,0.9461,0.8308,0.7188,0.8906,75.39,,
233,0.00089,-0.3988,-0.3151,0.9679,0.8534,0.9301,0.9012,0.7188,0.9102,73.19,,
234,0.00084,-0.4035,-0.3398,0.9688,0.8657,0.945,0.8982,0.7812,0.9414,75.91,,
235,0.00079,-0.398,-0.3051,0.9673,0.8698,0.9287,0.8836,0.8438,0.8906,75.81,,
236,0.00075,-0.3973,-0.3193,0.9615,0.9001,0.9328,0.9035,0.7812,0.9375,74.9,,
237,0.0007,-0.4013,-0.3094,0.9655,0.8726,0.9391,0.8886,0.7812,0.9336,75.74,,
238,0.00065,-0.4009,-0.3378,0.9699,0.891,0.9398,0.8774,0.8438,0.9609,75.02,,
239,0.0006,-0.4009,-0.2894,0.9612,0.8898,0.9295,0.8981,0.75,0.8516,75.02,,
240,0.00055,-0.4017,-0.3752,0.9698,0.8803,0.9436,0.9071,0.9375,0.9688,76.24,,
241,0.0005,-0.4028,-0.3582,0.9504,0.8988,0.9392,0.9057,0.7812,0.9336,75.91,,
242,0.00045,-0.3996,-0.3354,0.9664,0.8779,0.9432,0.8866,0.8438,0.9492,76.17,,
243,0.0004,-0.4024,-0.3708,0.9675,0.8464,0.9452,0.886,0.8125,0.9766,74.85,,
244,0.00035,-0.3998,-0.3714,0.9703,0.885,0.9487,0.9017,0.9062,0.9844,76.72,,
245,0.0003,-0.4051,-0.312,0.9689,0.8743,0.942,0.8893,0.75,0.8945,76.23,,
246,0.00024,-0.4028,-0.3359,0.9625,0.8578,0.937,0.9053,0.9062,0.9531,76.43,,
247,0.00019,-0.4024,-0.3746,0.9703,0.8823,0.9407,0.8836,0.9688,1.0,75.47,yes,1.9179999828338623
248,0.00013,-0.4036,-0.3362,0.9694,0.8656,0.9359,0.8772,0.9375,0.9883,74.34,,
249,7e-05,-0.4005,-0.362,0.9635,0.8901,0.9426,0.9049,0.8125,0.9492,75.05,,
