case_id,label_0,label_1,label_2
EGCT_0611,0.5658159838817999,0.23572867696440564,0.19845533915379449
EGCT_0469,0.4487478209841385,0.5462296553271544,0.005022523688707089
EGCT_0594,0.5641370047011417,0.23690396239086636,0.19895903290799194
EGCT_0255,0.5646979639912502,0.22362443210499747,0.21167760390375231
EGCT_0233,0.5109004739336492,0.08941548183254344,0.39968404423380727
EGCT_0077,0.5655241935483871,0.2157258064516129,0.21875
EGCT_0379,0.42341843226931913,0.5765697801114132,1.1787619267595693e-05
EGCT_0185,0.5058878944889308,0.08368660700266918,0.41042549850840004
EGCT_0008,0.559966846249482,0.2953999171156237,0.14463323663489433
EGCT_0636,0.5659996636959812,0.22515554060871026,0.20884479569530856
EGCT_0029,0.5488152430583829,0.337106098851885,0.11407865808973211
EGCT_0124,0.5662913796000673,0.21088892623088556,0.2228196941690472
EGCT_0615,0.5620686788060197,0.2863556996757296,0.1515756215182506
EGCT_0489,0.5089808744229352,0.4211506381658067,0.0698684874112581
EGCT_0042,0.5503532117627731,0.1348776080170856,0.3147691802201413
EGCT_0032,0.4204848996146961,0.5795108172347897,4.2831505141922195e-06
EGCT_0457,0.5226115021192207,0.4100011665435315,0.06738733133724774
EGCT_0236,0.5649546827794562,0.20778784827123195,0.22725746894931184
EGCT_0160,0.5610949813355454,0.2939858979676483,0.1449191206968063
EGCT_0345,0.557445043550394,0.292326835338034,0.15022812111157197
EGCT_0024,0.5549229738780977,0.22270596115204286,0.22237106496985934
EGCT_0208,0.5614856951647984,0.2556466454743182,0.1828676593608834
EGCT_0402,0.3995895488777423,0.6004104153350082,3.578724952548791e-08
EGCT_0331,0.5419958084797678,0.3569240689988715,0.10108012252136063
EGCT_0568,0.5134621476084891,0.09154260373772569,0.3949952486537852
EGCT_0056,0.5610980917308336,0.18647472380314697,0.2524271844660194
EGCT_0580,0.5668287774610096,0.19067583431158813,0.24249538822740233
EGCT_0293,0.5651265769905589,0.26969671651767063,0.1651767064917704
EGCT_0515,0.5495090697287403,0.17690131469462472,0.273589615576635
EGCT_0352,0.5635692720563569,0.240020127474002,0.19641060046964107
EGCT_0279,0.46452748800563404,0.5214314010299749,0.014041110964391038
EGCT_0030,0.503069883852802,0.07958233936881624,0.41734777677838175
EGCT_0336,0.5251545262499022,0.40215945544167125,0.07268601830842657
EGCT_0385,0.54582352463674,0.34320967611007386,0.11096679925318613
EGCT_0273,0.5009748108866879,0.07759494658036341,0.4214302425329486
EGCT_0088,0.5317937876077411,0.12636201008294032,0.3418442023093186
EGCT_0596,0.5356853859847872,0.35183686680692666,0.11247774720828613
EGCT_0141,0.5616964434797128,0.2696610452496243,0.16864251127066288
EGCT_0244,0.5642821410705353,0.2779723194930799,0.15774553943638486
EGCT_0465,0.5609348914858097,0.1721202003338898,0.2669449081803005
EGCT_0206,0.5661517797179315,0.18938885157824042,0.24445936870382806
EGCT_0113,0.5115612533405631,0.4210852472985011,0.06735349936093575
EGCT_0375,0.5617149556188243,0.25205158264947247,0.18623346173170324
EGCT_0624,0.5350095480585614,0.3771483131763208,0.08784213876511776
EGCT_0609,0.47863865455136656,0.4962696677926911,0.02509167765594234
EGCT_0122,0.555287862424192,0.16291434742876132,0.2817977901470466
EGCT_0406,0.5231581473482121,0.10247180225581953,0.3743700503959683
EGCT_0043,0.5495311863024868,0.33493681206685694,0.11553200163065634
EGCT_0256,0.5534191606754724,0.20096973750208996,0.24561110182243773
EGCT_0263,0.5474197480698902,0.3413246647704185,0.11125558715969118
EGCT_0325,0.566873636516194,0.24567880516865245,0.18744755831515356
EGCT_0441,0.5651591289782244,0.2542713567839196,0.18056951423785594
EGCT_0060,0.5482481099097635,0.33948459474839443,0.11226729534184213
EGCT_0174,0.5616609688985241,0.27449345451513385,0.16384557658634202
EGCT_0329,0.5678307588985897,0.2364002686366689,0.19576897246474143
EGCT_0505,0.5309650305289033,0.38347474427087463,0.08556022520022202
EGCT_0378,0.5598390881662756,0.23466309084813947,0.20549782098558497
EGCT_0482,0.4886188977530557,0.4801288150479397,0.03125228719900461
EGCT_0213,0.5669132481506388,0.22595830531271016,0.20712844653665097
EGCT_0471,0.5631490787269682,0.18659966499162478,0.25025125628140704
EGCT_0483,0.5554458703520895,0.3152352747614347,0.12931885488647582
EGCT_0226,0.5476643241008682,0.15171558495245968,0.3006200909466722
EGCT_0528,0.46978819862577037,0.5134235319118793,0.016788269462350357
EGCT_0600,0.5651955026011075,0.24433629803658333,0.1904681993623091
EGCT_0608,0.5610814419225634,0.2715287049399199,0.1673898531375167
EGCT_0543,0.5518034672582368,0.31665434228904776,0.13154219045271548
EGCT_0292,0.5665380097331767,0.25104883369692904,0.1824131565698943
EGCT_0507,0.4890623849156662,0.47668851734551076,0.03424909773882301
EGCT_0048,0.53669240146282,0.12360828931328728,0.33969930922389274
EGCT_0242,0.4852771584531406,0.06511878219420313,0.44960405935265624
EGCT_0020,0.5672996135103344,0.19811796336750126,0.23458242312216435
EGCT_0555,0.5674261603375528,0.2310548523206751,0.20151898734177215
EGCT_0119,0.5305202125946207,0.10839104525688517,0.3610887421484941
EGCT_0221,0.5642612258550046,0.2652395685257965,0.17049920561919893
EGCT_0517,0.5362873666205099,0.12454182617903396,0.3391708072004561
EGCT_0581,0.5543900223011481,0.30395638886594534,0.14165358883290657
EGCT_0148,0.541941716309773,0.3593624215102238,0.09869586218000322
EGCT_0162,0.569409389197375,0.22059565875820292,0.209994952044422
EGCT_0303,0.5335661006189494,0.3818441517219489,0.08458974765910172
EGCT_0039,0.47704044911472576,0.4994961854037714,0.023463365481502806
EGCT_0552,0.5657210005036092,0.19909350344132953,0.23518549605506128
EGCT_0171,0.472030214494406,0.5088006841017602,0.01916910140383382
EGCT_0327,0.556759459909985,0.17119519919986664,0.27204534089014837
EGCT_0361,0.44421660879021413,0.5534862072441729,0.0022971839656130222
EGCT_0459,0.5612687813021703,0.2691151919866444,0.1696160267111853
EGCT_0374,0.5583501006036218,0.2069081153588196,0.2347417840375587
EGCT_0618,0.4362462049869851,0.5633697830520926,0.00038401196092233966
EGCT_0163,0.5548558170367915,0.29284057010275105,0.1523036128604574
EGCT_0275,0.5667730556022174,0.23870317486981354,0.1945237695279691
EGCT_0184,0.5662407531943511,0.22394082044384667,0.20981842636180228
EGCT_0347,0.4382321979460016,0.5610032785263513,0.0007645235276470418
EGCT_0603,0.5676811837901463,0.2312090129477047,0.20110980326214897
EGCT_0074,0.5355022366815779,0.12289548596990646,0.34160227734851567
EGCT_0305,0.5673996978344804,0.24676850763807284,0.1858317945274467
EGCT_0446,0.5697459195692411,0.2259801447080599,0.20427393572269897
EGCT_0338,0.5271937037472102,0.400328908727828,0.07247738752496183
EGCT_0513,0.5559388861508132,0.31805487103663543,0.12600624281255135
EGCT_0146,0.5364981303853033,0.12209396846041294,0.3414079011542839
EGCT_0288,0.5644728005372733,0.20449966420416388,0.2310275352585628
EGCT_0333,0.5666274575701563,0.21290539405141992,0.2204671483784238
EGCT_0480,0.5339244715382788,0.3841342728208376,0.08194125564088355
EGCT_0144,0.5658291457286432,0.2561139028475712,0.17805695142378558
EGCT_0587,0.5399068572346234,0.3629356030191103,0.09715753974626626
EGCT_0390,0.4797019945389776,0.4944576047449413,0.025840400716081083
EGCT_0299,0.5669635355402454,0.23340615022685263,0.19963031423290203
EGCT_0586,0.5555830651151276,0.30618139803581745,0.13823553684905504
EGCT_0551,0.48744628325866324,0.4815945871811283,0.03095912956020847
EGCT_0117,0.5688381464069846,0.2458025520483546,0.18535930154466085
EGCT_0323,0.5322146588570524,0.3853094823492164,0.0824758587937312
EGCT_0234,0.5462136717151044,0.1299222267703643,0.3238641015145313
EGCT_0386,0.5502348965630924,0.30874474573477295,0.14102035770213467
EGCT_0189,0.46885199375620834,0.5139775791116787,0.017170427132112955
EGCT_0298,0.45893707194388605,0.5313421925175573,0.009720735538556596
EGCT_0130,0.44455620246254496,0.5526691898188445,0.002774607718610504
EGCT_0240,0.5381281104511157,0.3641033873816022,0.09776850216728207
EGCT_0629,0.5532797081018327,0.15664648810017415,0.2900738037979932
EGCT_0602,0.5645805592543276,0.2852862849533955,0.15013315579227696
EGCT_0564,0.46831892547138926,0.5153207039648903,0.016360370563720503
EGCT_0271,0.5604989604989605,0.2860706860706861,0.15343035343035344
EGCT_0368,0.5567197425954954,0.30888540549459614,0.13439485190990844
EGCT_0195,0.569409389197375,0.2136967861349487,0.21689382466767626
EGCT_0621,0.5318255250403877,0.11211631663974152,0.35605815831987075
EGCT_0166,0.5118468781353709,0.4244809755344601,0.06367214633016902
EGCT_0444,0.5009755365450999,0.4544499474711091,0.044574515983791085
EGCT_0510,0.45948072383949645,0.04207410737701847,0.49844516878348505
EGCT_0289,0.5629927864452273,0.23603422244589833,0.20097299110887434
EGCT_0015,0.5625732953593566,0.19467247445133187,0.24275423018931144
EGCT_0377,0.5285351934051997,0.385859226379201,0.08560558021559923
EGCT_0285,0.5548150616461179,0.271242919026991,0.17394201932689105
